low,high,cropY,cropHeight,cropX,cropWidth
0.0,0.7415254,0.27708334,0.5229167,0.04375,0.8625
